Instance,iteration,violations,cost,Institution,Rank
m01.json,3,0,3384,SDU,1.0
m01.json,8,0,3392,SDU,2.0
m01.json,9,0,3396,SDU,3.0
m01.json,2,0,3398,SDU,4.0
m01.json,1,0,3399,SDU,5.0
m01.json,4,0,3404,SDU,6.5
m01.json,10,0,3404,SDU,6.5
m01.json,6,0,3405,SDU,8.0
m01.json,5,0,3411,SDU,9.0
m01.json,8,0,3425,V777V,10.0
m01.json,20,0,3430,UGent,11.0
m01.json,7,0,3431,V777V,12.5
m01.json,10,0,3431,V777V,12.5
m01.json,17,0,3433,UGent,14.0
m01.json,5,0,3438,V777V,15.0
m01.json,7,0,3439,SDU,16.0
m01.json,23,0,3455,UGent,17.0
m01.json,2,0,3458,V777V,18.0
m01.json,18,0,3460,UGent,19.0
m01.json,4,0,3462,V777V,20.0
m01.json,25,0,3466,UGent,21.0
m01.json,1,0,3469,V777V,22.5
m01.json,6,0,3469,V777V,22.5
m01.json,22,0,3478,UGent,24.0
m01.json,19,0,3482,UGent,25.0
m01.json,3,0,3489,V777V,26.0
m01.json,9,0,3493,V777V,27.0
m01.json,21,0,3512,UGent,28.0
m01.json,16,0,3525,UGent,29.0
m01.json,1,0,3547,Ortec,34.5
m01.json,2,0,3547,Ortec,34.5
m01.json,3,0,3547,Ortec,34.5
m01.json,4,0,3547,Ortec,34.5
m01.json,5,0,3547,Ortec,34.5
m01.json,6,0,3547,Ortec,34.5
m01.json,7,0,3547,Ortec,34.5
m01.json,8,0,3547,Ortec,34.5
m01.json,9,0,3547,Ortec,34.5
m01.json,10,0,3547,Ortec,34.5
m01.json,24,0,3685,UGent,40.0
m01.json,1,0,13449,Twente,45.5
m01.json,2,0,13449,Twente,45.5
m01.json,3,0,13449,Twente,45.5
m01.json,4,0,13449,Twente,45.5
m01.json,5,0,13449,Twente,45.5
m01.json,6,0,13449,Twente,45.5
m01.json,7,0,13449,Twente,45.5
m01.json,8,0,13449,Twente,45.5
m01.json,9,0,13449,Twente,45.5
m01.json,10,0,13449,Twente,45.5
m02.json,3,0,12211,V777V,1.0
m02.json,2,0,12212,V777V,2.0
m02.json,4,0,12213,V777V,3.0
m02.json,1,0,12214,V777V,4.0
m02.json,18,0,12215,UGent,5.0
m02.json,10,0,12216,V777V,6.0
m02.json,9,0,12217,V777V,7.0
m02.json,6,0,12218,V777V,8.0
m02.json,7,0,12219,V777V,9.0
m02.json,5,0,12221,V777V,10.5
m02.json,8,0,12221,V777V,10.5
m02.json,20,0,12231,UGent,12.0
m02.json,24,0,12235,UGent,13.0
m02.json,1,0,12236,Twente,15.0
m02.json,3,0,12236,Twente,15.0
m02.json,4,0,12236,Twente,15.0
m02.json,2,0,12240,Twente,19.5
m02.json,5,0,12240,Twente,19.5
m02.json,7,0,12240,Twente,19.5
m02.json,8,0,12240,Twente,19.5
m02.json,9,0,12240,Twente,19.5
m02.json,10,0,12240,Twente,19.5
m02.json,6,0,12241,Twente,23.0
m02.json,2,0,12247,SDU,24.5
m02.json,22,0,12247,UGent,24.5
m02.json,1,0,12249,Ortec,31.0
m02.json,2,0,12249,Ortec,31.0
m02.json,3,0,12249,Ortec,31.0
m02.json,4,0,12249,Ortec,31.0
m02.json,5,0,12249,Ortec,31.0
m02.json,6,0,12249,Ortec,31.0
m02.json,7,0,12249,Ortec,31.0
m02.json,8,0,12249,Ortec,31.0
m02.json,9,0,12249,Ortec,31.0
m02.json,10,0,12249,Ortec,31.0
m02.json,23,0,12249,UGent,31.0
m02.json,25,0,12252,UGent,37.0
m02.json,21,0,12255,UGent,38.0
m02.json,7,0,12265,SDU,40.0
m02.json,16,0,12265,UGent,40.0
m02.json,17,0,12265,UGent,40.0
m02.json,19,0,12268,UGent,42.0
m02.json,9,0,12287,SDU,43.0
m02.json,1,0,12291,SDU,44.0
m02.json,4,0,12292,SDU,45.0
m02.json,5,0,12293,SDU,46.0
m02.json,8,0,12295,SDU,47.0
m02.json,6,0,12303,SDU,48.0
m02.json,3,0,12311,SDU,49.5
m02.json,10,0,12311,SDU,49.5
m03.json,9,0,6697,SDU,1.0
m03.json,1,0,6703,SDU,2.0
m03.json,3,0,6706,SDU,3.0
m03.json,6,0,6707,SDU,4.0
m03.json,10,0,6708,SDU,5.0
m03.json,8,0,6710,SDU,6.0
m03.json,4,0,6711,SDU,7.0
m03.json,2,0,6713,SDU,8.5
m03.json,7,0,6713,SDU,8.5
m03.json,5,0,6720,SDU,10.0
m03.json,23,0,6725,UGent,11.0
m03.json,24,0,6737,UGent,12.0
m03.json,2,0,6747,V777V,13.0
m03.json,9,0,6754,V777V,14.5
m03.json,25,0,6754,UGent,14.5
m03.json,1,0,6756,Twente,26.0
m03.json,2,0,6756,Twente,26.0
m03.json,3,0,6756,Twente,26.0
m03.json,4,0,6756,Twente,26.0
m03.json,5,0,6756,Twente,26.0
m03.json,6,0,6756,Twente,26.0
m03.json,7,0,6756,Twente,26.0
m03.json,8,0,6756,Twente,26.0
m03.json,9,0,6756,Twente,26.0
m03.json,10,0,6756,Twente,26.0
m03.json,1,0,6756,Ortec,26.0
m03.json,2,0,6756,Ortec,26.0
m03.json,3,0,6756,Ortec,26.0
m03.json,4,0,6756,Ortec,26.0
m03.json,5,0,6756,Ortec,26.0
m03.json,6,0,6756,Ortec,26.0
m03.json,7,0,6756,Ortec,26.0
m03.json,8,0,6756,Ortec,26.0
m03.json,9,0,6756,Ortec,26.0
m03.json,10,0,6756,Ortec,26.0
m03.json,1,0,6756,V777V,26.0
m03.json,17,0,6759,UGent,37.0
m03.json,19,0,6760,UGent,38.5
m03.json,21,0,6760,UGent,38.5
m03.json,8,0,6764,V777V,40.0
m03.json,5,0,6766,V777V,42.5
m03.json,6,0,6766,V777V,42.5
m03.json,10,0,6766,V777V,42.5
m03.json,18,0,6766,UGent,42.5
m03.json,16,0,6767,UGent,45.0
m03.json,7,0,6770,V777V,46.0
m03.json,4,0,6773,V777V,47.0
m03.json,20,0,6780,UGent,48.0
m03.json,22,0,6795,UGent,49.0
m03.json,3,0,6804,V777V,50.0
m04.json,2,0,3345,SDU,1.0
m04.json,9,0,3351,SDU,2.0
m04.json,3,0,3356,SDU,3.0
m04.json,4,0,3360,SDU,4.5
m04.json,6,0,3360,SDU,4.5
m04.json,10,0,3362,SDU,6.0
m04.json,1,0,3369,SDU,7.0
m04.json,8,0,3377,SDU,8.0
m04.json,7,0,3399,SDU,9.0
m04.json,5,0,3406,SDU,10.0
m04.json,21,0,3420,UGent,11.0
m04.json,22,0,3452,UGent,12.0
m04.json,7,0,3456,V777V,13.0
m04.json,8,0,3486,V777V,14.0
m04.json,20,0,3498,UGent,15.0
m04.json,4,0,3504,V777V,16.0
m04.json,3,0,3510,V777V,17.0
m04.json,1,0,3513,V777V,18.0
m04.json,5,0,3519,V777V,19.0
m04.json,19,0,3520,UGent,20.0
m04.json,24,0,3521,UGent,21.0
m04.json,25,0,3524,UGent,22.0
m04.json,2,0,3525,V777V,23.0
m04.json,18,0,3526,UGent,24.0
m04.json,16,0,3531,UGent,25.0
m04.json,17,0,3534,UGent,26.0
m04.json,9,0,3546,V777V,27.0
m04.json,6,0,3551,V777V,28.0
m04.json,10,0,3560,V777V,29.0
m04.json,23,0,3750,UGent,30.0
m04.json,1,0,5486,Ortec,35.5
m04.json,2,0,5486,Ortec,35.5
m04.json,3,0,5486,Ortec,35.5
m04.json,4,0,5486,Ortec,35.5
m04.json,5,0,5486,Ortec,35.5
m04.json,6,0,5486,Ortec,35.5
m04.json,7,0,5486,Ortec,35.5
m04.json,8,0,5486,Ortec,35.5
m04.json,9,0,5486,Ortec,35.5
m04.json,10,0,5486,Ortec,35.5
m04.json,1,0,10039,Twente,43.0
m04.json,4,0,10039,Twente,43.0
m04.json,8,0,10039,Twente,43.0
m04.json,9,0,10039,Twente,43.0
m04.json,10,0,10039,Twente,43.0
m04.json,6,0,10040,Twente,46.5
m04.json,7,0,10040,Twente,46.5
m04.json,2,0,10137,Twente,48.5
m04.json,3,0,10137,Twente,48.5
m04.json,5,0,10809,Twente,50.0
m05.json,9,0,11956,V777V,1.0
m05.json,7,0,11963,V777V,2.0
m05.json,4,0,11966,V777V,3.0
m05.json,10,0,11969,V777V,4.0
m05.json,1,0,11970,V777V,5.0
m05.json,3,0,11972,V777V,6.0
m05.json,6,0,11990,V777V,7.0
m05.json,3,0,11992,Twente,8.5
m05.json,8,0,11992,Twente,8.5
m05.json,7,0,11993,Twente,10.5
m05.json,9,0,11993,Twente,10.5
m05.json,2,0,11994,Twente,12.0
m05.json,7,0,11995,SDU,13.0
m05.json,1,0,11998,Twente,15.0
m05.json,4,0,11998,Twente,15.0
m05.json,10,0,11998,Twente,15.0
m05.json,5,0,11999,Twente,17.5
m05.json,6,0,11999,Twente,17.5
m05.json,8,0,12000,V777V,19.0
m05.json,2,0,12002,V777V,20.0
m05.json,20,0,12010,UGent,21.0
m05.json,5,0,12018,V777V,22.0
m05.json,10,0,12020,SDU,23.0
m05.json,1,0,12023,SDU,24.0
m05.json,2,0,12037,SDU,25.0
m05.json,5,0,12040,SDU,26.0
m05.json,9,0,12044,SDU,27.0
m05.json,21,0,12060,UGent,28.0
m05.json,18,0,12070,UGent,29.0
m05.json,25,0,12073,UGent,30.0
m05.json,4,0,12078,SDU,31.0
m05.json,22,0,12080,UGent,32.0
m05.json,3,0,12087,SDU,33.0
m05.json,8,0,12091,SDU,34.0
m05.json,19,0,12110,UGent,35.0
m05.json,17,0,12114,UGent,36.0
m05.json,6,0,12125,SDU,37.0
m05.json,23,0,12126,UGent,38.0
m05.json,1,0,12131,Ortec,43.5
m05.json,2,0,12131,Ortec,43.5
m05.json,3,0,12131,Ortec,43.5
m05.json,4,0,12131,Ortec,43.5
m05.json,5,0,12131,Ortec,43.5
m05.json,6,0,12131,Ortec,43.5
m05.json,7,0,12131,Ortec,43.5
m05.json,8,0,12131,Ortec,43.5
m05.json,9,0,12131,Ortec,43.5
m05.json,10,0,12131,Ortec,43.5
m05.json,24,0,12400,UGent,49.0
m05.json,16,0,12461,UGent,50.0
m06.json,9,0,28250,V777V,1.0
m06.json,4,0,28265,Twente,2.0
m06.json,2,0,28290,V777V,3.0
m06.json,9,0,28300,Twente,4.0
m06.json,1,0,28310,Twente,10.5
m06.json,1,0,28310,Ortec,10.5
m06.json,2,0,28310,Ortec,10.5
m06.json,3,0,28310,Ortec,10.5
m06.json,4,0,28310,Ortec,10.5
m06.json,5,0,28310,Ortec,10.5
m06.json,6,0,28310,Ortec,10.5
m06.json,7,0,28310,Ortec,10.5
m06.json,8,0,28310,Ortec,10.5
m06.json,9,0,28310,Ortec,10.5
m06.json,10,0,28310,Ortec,10.5
m06.json,7,0,28310,V777V,10.5
m06.json,8,0,28315,V777V,17.0
m06.json,10,0,28320,Twente,18.0
m06.json,8,0,28325,Twente,19.5
m06.json,3,0,28325,V777V,19.5
m06.json,10,0,28350,V777V,21.0
m06.json,3,0,28360,Twente,22.5
m06.json,6,0,28360,V777V,22.5
m06.json,7,0,28385,Twente,24.5
m06.json,4,0,28385,V777V,24.5
m06.json,5,0,28395,V777V,26.0
m06.json,2,0,28420,Twente,27.0
m06.json,1,0,28430,V777V,28.0
m06.json,5,0,28445,Twente,29.0
m06.json,6,0,28465,Twente,30.0
m06.json,18,0,29125,UGent,31.0
m06.json,4,0,29286,SDU,32.0
m06.json,24,0,29300,UGent,33.0
m06.json,9,0,29345,SDU,34.0
m06.json,22,0,29400,UGent,35.0
m06.json,8,0,29433,SDU,36.0
m06.json,16,0,29435,UGent,37.0
m06.json,19,0,29445,UGent,38.5
m06.json,25,0,29445,UGent,38.5
m06.json,20,0,29460,UGent,40.0
m06.json,21,0,29465,UGent,41.0
m06.json,1,0,29511,SDU,42.0
m06.json,3,0,29565,SDU,43.5
m06.json,17,0,29565,UGent,43.5
m06.json,6,0,29676,SDU,45.0
m06.json,23,0,29680,UGent,46.0
m06.json,5,0,29685,SDU,47.0
m06.json,2,0,29760,SDU,48.0
m06.json,10,0,29820,SDU,49.0
m06.json,7,0,29953,SDU,50.0
m07.json,6,0,7329,V777V,1.0
m07.json,5,0,7330,V777V,2.0
m07.json,3,0,7334,V777V,3.0
m07.json,2,0,7348,V777V,4.0
m07.json,1,0,7352,V777V,5.0
m07.json,4,0,7354,V777V,6.0
m07.json,9,0,7375,V777V,7.0
m07.json,10,0,7400,V777V,8.0
m07.json,5,0,7406,SDU,9.0
m07.json,4,0,7426,SDU,10.0
m07.json,7,0,7429,V777V,11.0
m07.json,7,0,7441,SDU,12.0
m07.json,10,0,7460,SDU,13.0
m07.json,25,0,7469,UGent,14.0
m07.json,8,0,7542,V777V,15.0
m07.json,9,0,7550,SDU,16.0
m07.json,1,0,7569,Ortec,21.5
m07.json,2,0,7569,Ortec,21.5
m07.json,3,0,7569,Ortec,21.5
m07.json,4,0,7569,Ortec,21.5
m07.json,5,0,7569,Ortec,21.5
m07.json,6,0,7569,Ortec,21.5
m07.json,7,0,7569,Ortec,21.5
m07.json,8,0,7569,Ortec,21.5
m07.json,9,0,7569,Ortec,21.5
m07.json,10,0,7569,Ortec,21.5
m07.json,2,0,7577,SDU,27.0
m07.json,8,0,7596,SDU,28.0
m07.json,6,0,7598,SDU,29.0
m07.json,1,0,7610,SDU,30.0
m07.json,3,0,7618,SDU,31.0
m07.json,24,0,7655,UGent,32.0
m07.json,18,0,7677,UGent,33.0
m07.json,17,0,7700,UGent,34.0
m07.json,22,0,7828,UGent,35.0
m07.json,23,0,7918,UGent,36.0
m07.json,19,0,8054,UGent,37.0
m07.json,1,0,8136,Twente,40.0
m07.json,5,0,8136,Twente,40.0
m07.json,6,0,8136,Twente,40.0
m07.json,9,0,8136,Twente,40.0
m07.json,10,0,8136,Twente,40.0
m07.json,7,0,8139,Twente,43.5
m07.json,8,0,8139,Twente,43.5
m07.json,2,0,8140,Twente,46.0
m07.json,3,0,8140,Twente,46.0
m07.json,4,0,8140,Twente,46.0
m07.json,21,0,8154,UGent,48.0
m07.json,16,0,8165,UGent,49.0
m07.json,20,0,8192,UGent,50.0
m08.json,6,0,14976,V777V,1.0
m08.json,4,0,14978,V777V,2.0
m08.json,8,0,14981,V777V,3.0
m08.json,2,0,14983,V777V,4.0
m08.json,5,0,14993,V777V,5.0
m08.json,9,0,15010,V777V,6.0
m08.json,3,0,15018,V777V,7.0
m08.json,7,0,15044,V777V,8.0
m08.json,1,0,15056,V777V,9.0
m08.json,3,0,15066,SDU,10.0
m08.json,1,0,15069,Ortec,15.5
m08.json,2,0,15069,Ortec,15.5
m08.json,3,0,15069,Ortec,15.5
m08.json,4,0,15069,Ortec,15.5
m08.json,5,0,15069,Ortec,15.5
m08.json,6,0,15069,Ortec,15.5
m08.json,7,0,15069,Ortec,15.5
m08.json,8,0,15069,Ortec,15.5
m08.json,9,0,15069,Ortec,15.5
m08.json,10,0,15069,Ortec,15.5
m08.json,4,0,15092,SDU,21.0
m08.json,5,0,15093,SDU,22.0
m08.json,10,0,15103,V777V,23.0
m08.json,6,0,15123,SDU,24.0
m08.json,1,0,15178,SDU,25.0
m08.json,7,0,15181,SDU,26.0
m08.json,10,0,15183,SDU,27.0
m08.json,9,0,15195,SDU,28.0
m08.json,8,0,15299,SDU,29.0
m08.json,2,0,15304,SDU,30.0
m08.json,17,0,15391,UGent,31.0
m08.json,5,0,15573,Twente,32.0
m08.json,21,0,15588,UGent,33.0
m08.json,19,0,15610,UGent,34.0
m08.json,20,0,15618,UGent,35.0
m08.json,8,0,15636,Twente,36.0
m08.json,25,0,15650,UGent,37.0
m08.json,2,0,15658,Twente,38.0
m08.json,22,0,15684,UGent,39.0
m08.json,23,0,15707,UGent,40.0
m08.json,6,0,15716,Twente,41.0
m08.json,16,0,15737,UGent,42.0
m08.json,3,0,15746,Twente,43.0
m08.json,4,0,15766,Twente,44.0
m08.json,10,0,15776,Twente,45.0
m08.json,7,0,15783,Twente,46.0
m08.json,18,0,15791,UGent,47.0
m08.json,24,0,15831,UGent,48.0
m08.json,1,0,15857,Twente,49.0
m08.json,9,0,15901,Twente,50.0
m09.json,4,0,32967,Twente,2.0
m09.json,6,0,32967,Twente,2.0
m09.json,8,0,32967,Twente,2.0
m09.json,2,0,32968,Twente,5.0
m09.json,3,0,32968,Twente,5.0
m09.json,9,0,32968,Twente,5.0
m09.json,1,0,32969,Twente,8.5
m09.json,5,0,32969,Twente,8.5
m09.json,7,0,32969,Twente,8.5
m09.json,10,0,32969,Twente,8.5
m09.json,10,0,33340,SDU,11.0
m09.json,5,0,33374,V777V,12.0
m09.json,4,0,33379,SDU,13.0
m09.json,8,0,33381,V777V,14.0
m09.json,7,0,33415,SDU,15.0
m09.json,1,0,33420,SDU,16.0
m09.json,2,0,33424,SDU,17.0
m09.json,1,0,33427,V777V,18.0
m09.json,3,0,33429,SDU,19.0
m09.json,5,0,33437,SDU,20.0
m09.json,1,0,33438,Ortec,25.5
m09.json,2,0,33438,Ortec,25.5
m09.json,3,0,33438,Ortec,25.5
m09.json,4,0,33438,Ortec,25.5
m09.json,5,0,33438,Ortec,25.5
m09.json,6,0,33438,Ortec,25.5
m09.json,7,0,33438,Ortec,25.5
m09.json,8,0,33438,Ortec,25.5
m09.json,9,0,33438,Ortec,25.5
m09.json,10,0,33438,Ortec,25.5
m09.json,7,0,33446,V777V,31.0
m09.json,4,0,33488,V777V,32.0
m09.json,9,0,33499,V777V,33.0
m09.json,9,0,33507,SDU,34.0
m09.json,8,0,33511,SDU,35.0
m09.json,2,0,33520,V777V,36.0
m09.json,6,0,33539,SDU,37.0
m09.json,3,0,33551,V777V,38.0
m09.json,10,0,33565,V777V,39.0
m09.json,17,0,33596,UGent,40.0
m09.json,6,0,33654,V777V,41.0
m09.json,22,0,33763,UGent,42.0
m09.json,24,0,33794,UGent,43.0
m09.json,19,0,33849,UGent,44.0
m09.json,23,0,33914,UGent,45.0
m09.json,20,0,33966,UGent,46.0
m09.json,18,0,33992,UGent,47.0
m09.json,25,0,34016,UGent,48.0
m09.json,16,0,34088,UGent,49.0
m09.json,21,0,34220,UGent,50.0
m10.json,19,0,26027,UGent,1.0
m10.json,24,0,26038,UGent,2.0
m10.json,9,0,26053,SDU,3.0
m10.json,17,0,26055,UGent,4.0
m10.json,22,0,26072,UGent,5.0
m10.json,20,0,26075,UGent,6.0
m10.json,23,0,26077,UGent,7.0
m10.json,5,0,26081,V777V,8.0
m10.json,4,0,26091,Twente,9.5
m10.json,5,0,26091,Twente,9.5
m10.json,18,0,26100,UGent,11.0
m10.json,5,0,26105,SDU,12.0
m10.json,21,0,26111,UGent,13.0
m10.json,6,0,26113,SDU,14.0
m10.json,6,0,26126,V777V,15.0
m10.json,3,0,26127,Twente,16.5
m10.json,6,0,26127,Twente,16.5
m10.json,7,0,26128,V777V,18.0
m10.json,7,0,26132,Twente,19.0
m10.json,1,0,26133,Ortec,24.5
m10.json,2,0,26133,Ortec,24.5
m10.json,3,0,26133,Ortec,24.5
m10.json,4,0,26133,Ortec,24.5
m10.json,5,0,26133,Ortec,24.5
m10.json,6,0,26133,Ortec,24.5
m10.json,7,0,26133,Ortec,24.5
m10.json,8,0,26133,Ortec,24.5
m10.json,9,0,26133,Ortec,24.5
m10.json,10,0,26133,Ortec,24.5
m10.json,10,0,26134,Twente,30.0
m10.json,8,0,26135,SDU,31.5
m10.json,16,0,26135,UGent,31.5
m10.json,1,0,26150,Twente,33.0
m10.json,8,0,26156,V777V,34.0
m10.json,3,0,26159,V777V,35.5
m10.json,10,0,26159,V777V,35.5
m10.json,8,0,26171,Twente,37.0
m10.json,10,0,26173,SDU,38.0
m10.json,2,0,26174,Twente,39.5
m10.json,9,0,26174,Twente,39.5
m10.json,2,0,26190,SDU,41.0
m10.json,1,0,26192,SDU,42.0
m10.json,1,0,26225,V777V,43.0
m10.json,7,0,26229,SDU,44.0
m10.json,9,0,26234,V777V,45.0
m10.json,2,0,26242,V777V,46.0
m10.json,4,0,26273,V777V,47.0
m10.json,3,0,26286,SDU,48.0
m10.json,25,0,26318,UGent,49.0
m10.json,4,0,26335,SDU,50.0
m11.json,24,0,35030,UGent,1.0
m11.json,1,0,35036,Ortec,6.5
m11.json,2,0,35036,Ortec,6.5
m11.json,3,0,35036,Ortec,6.5
m11.json,4,0,35036,Ortec,6.5
m11.json,5,0,35036,Ortec,6.5
m11.json,6,0,35036,Ortec,6.5
m11.json,7,0,35036,Ortec,6.5
m11.json,8,0,35036,Ortec,6.5
m11.json,9,0,35036,Ortec,6.5
m11.json,10,0,35036,Ortec,6.5
m11.json,25,0,35131,UGent,12.0
m11.json,7,0,35171,V777V,13.0
m11.json,4,0,35174,V777V,14.0
m11.json,5,0,35175,V777V,15.0
m11.json,2,0,35179,V777V,16.0
m11.json,1,0,35183,V777V,17.0
m11.json,9,0,35186,V777V,18.0
m11.json,10,0,35213,V777V,19.0
m11.json,3,0,35233,V777V,20.0
m11.json,8,0,35237,V777V,21.0
m11.json,20,0,35264,UGent,22.0
m11.json,21,0,35266,UGent,23.0
m11.json,17,0,35269,UGent,24.0
m11.json,1,0,35280,Twente,25.5
m11.json,3,0,35280,Twente,25.5
m11.json,9,0,35283,Twente,28.0
m11.json,6,0,35283,V777V,28.0
m11.json,23,0,35283,UGent,28.0
m11.json,5,0,35291,Twente,30.0
m11.json,4,0,35296,Twente,31.0
m11.json,6,0,35324,Twente,32.0
m11.json,10,0,35331,Twente,33.0
m11.json,22,0,35345,UGent,34.0
m11.json,8,0,35367,Twente,35.0
m11.json,18,0,35368,UGent,36.0
m11.json,16,0,35373,UGent,37.0
m11.json,19,0,35382,UGent,38.0
m11.json,2,0,35391,Twente,39.0
m11.json,7,0,35417,Twente,40.0
m11.json,1,0,36032,SDU,41.0
m11.json,2,0,36063,SDU,42.0
m11.json,8,0,36069,SDU,43.0
m11.json,5,0,36082,SDU,44.0
m11.json,4,0,36112,SDU,45.0
m11.json,10,0,36144,SDU,46.0
m11.json,7,0,36173,SDU,47.0
m11.json,6,0,36224,SDU,48.0
m11.json,3,0,36268,SDU,49.0
m11.json,9,0,36317,SDU,50.0
m12.json,3,0,11681,SDU,1.0
m12.json,10,0,11734,SDU,2.0
m12.json,18,0,11737,UGent,3.0
m12.json,4,0,11768,SDU,4.0
m12.json,5,0,11775,SDU,5.0
m12.json,1,0,11780,SDU,6.5
m12.json,21,0,11780,UGent,6.5
m12.json,7,0,11796,SDU,8.0
m12.json,8,0,11798,SDU,9.5
m12.json,17,0,11798,UGent,9.5
m12.json,24,0,11801,UGent,11.0
m12.json,6,0,11815,SDU,12.0
m12.json,9,0,11820,SDU,13.0
m12.json,19,0,11832,UGent,14.0
m12.json,2,0,11834,SDU,15.0
m12.json,2,0,11862,V777V,16.0
m12.json,20,0,11899,UGent,17.0
m12.json,16,0,11911,UGent,18.0
m12.json,3,0,11930,V777V,19.0
m12.json,22,0,11939,UGent,20.0
m12.json,6,0,11944,V777V,21.0
m12.json,23,0,11948,UGent,22.0
m12.json,25,0,11969,UGent,23.0
m12.json,4,0,11981,V777V,24.0
m12.json,1,0,12035,Ortec,29.0
m12.json,2,0,12035,Ortec,29.0
m12.json,3,0,12035,Ortec,29.0
m12.json,5,0,12035,Ortec,29.0
m12.json,6,0,12035,Ortec,29.0
m12.json,7,0,12035,Ortec,29.0
m12.json,8,0,12035,Ortec,29.0
m12.json,9,0,12035,Ortec,29.0
m12.json,10,0,12035,Ortec,29.0
m12.json,4,0,12039,Ortec,34.0
m12.json,7,0,12082,V777V,35.0
m12.json,8,0,12117,V777V,36.0
m12.json,9,0,12118,V777V,37.0
m12.json,10,0,12154,V777V,38.0
m12.json,5,0,12233,V777V,39.0
m12.json,1,0,12277,V777V,40.0
m12.json,6,0,12411,Twente,41.0
m12.json,3,0,12416,Twente,42.0
m12.json,5,0,12448,Twente,43.0
m12.json,1,0,12453,Twente,44.0
m12.json,8,0,12468,Twente,45.5
m12.json,10,0,12468,Twente,45.5
m12.json,7,0,12474,Twente,47.0
m12.json,2,0,12500,Twente,48.0
m12.json,4,0,12515,Twente,49.0
m12.json,9,0,12520,Twente,50.0
m13.json,7,0,31189,V777V,1.0
m13.json,5,0,31190,V777V,2.0
m13.json,1,0,31242,Ortec,7.5
m13.json,2,0,31242,Ortec,7.5
m13.json,3,0,31242,Ortec,7.5
m13.json,4,0,31242,Ortec,7.5
m13.json,5,0,31242,Ortec,7.5
m13.json,6,0,31242,Ortec,7.5
m13.json,7,0,31242,Ortec,7.5
m13.json,8,0,31242,Ortec,7.5
m13.json,9,0,31242,Ortec,7.5
m13.json,10,0,31242,Ortec,7.5
m13.json,2,0,31245,V777V,13.5
m13.json,4,0,31245,V777V,13.5
m13.json,3,0,31246,V777V,15.0
m13.json,1,0,31251,V777V,16.0
m13.json,9,0,31252,V777V,17.0
m13.json,8,0,31273,V777V,18.0
m13.json,6,0,31299,V777V,19.0
m13.json,10,0,31365,V777V,20.0
m13.json,9,0,31516,Twente,21.0
m13.json,10,0,31536,Twente,22.0
m13.json,3,0,31540,Twente,23.0
m13.json,6,0,31541,Twente,24.0
m13.json,7,0,31554,Twente,25.0
m13.json,4,0,31558,Twente,26.0
m13.json,2,0,31565,Twente,27.0
m13.json,8,0,31575,Twente,28.0
m13.json,5,0,31592,Twente,29.0
m13.json,1,0,31607,Twente,30.0
m13.json,1,0,31924,SDU,31.0
m13.json,6,0,31931,SDU,32.0
m13.json,9,0,31992,SDU,33.0
m13.json,20,0,32003,UGent,34.0
m13.json,7,0,32013,SDU,35.0
m13.json,5,0,32032,SDU,36.0
m13.json,3,0,32033,SDU,37.0
m13.json,10,0,32104,SDU,38.0
m13.json,8,0,32189,SDU,39.0
m13.json,2,0,32190,SDU,40.5
m13.json,19,0,32190,UGent,40.5
m13.json,4,0,32259,SDU,42.0
m13.json,17,0,32281,UGent,43.0
m13.json,18,0,32361,UGent,44.0
m13.json,21,0,32372,UGent,45.0
m13.json,22,0,32437,UGent,46.0
m13.json,25,0,32441,UGent,47.0
m13.json,16,0,32462,UGent,48.0
m13.json,24,0,32562,UGent,49.0
m13.json,23,0,32959,UGent,50.0
m14.json,3,0,13368,Twente,1.0
m14.json,2,0,13380,Twente,2.5
m14.json,8,0,13380,Twente,2.5
m14.json,9,0,13381,Twente,4.0
m14.json,7,0,13383,Twente,5.0
m14.json,10,0,13385,Twente,6.0
m14.json,2,0,13386,V777V,7.0
m14.json,3,0,13388,V777V,8.0
m14.json,1,0,13390,Twente,9.0
m14.json,6,0,13394,Twente,10.0
m14.json,9,0,13397,V777V,11.0
m14.json,4,0,13403,Twente,12.5
m14.json,6,0,13403,V777V,12.5
m14.json,5,0,13407,Twente,14.0
m14.json,8,0,13423,V777V,15.0
m14.json,1,0,13427,V777V,16.0
m14.json,4,0,13432,V777V,17.0
m14.json,1,0,13439,Ortec,22.5
m14.json,2,0,13439,Ortec,22.5
m14.json,3,0,13439,Ortec,22.5
m14.json,4,0,13439,Ortec,22.5
m14.json,5,0,13439,Ortec,22.5
m14.json,6,0,13439,Ortec,22.5
m14.json,7,0,13439,Ortec,22.5
m14.json,8,0,13439,Ortec,22.5
m14.json,9,0,13439,Ortec,22.5
m14.json,10,0,13439,Ortec,22.5
m14.json,2,0,13472,SDU,28.0
m14.json,7,0,13482,V777V,29.0
m14.json,3,0,13493,SDU,30.0
m14.json,4,0,13499,SDU,31.5
m14.json,5,0,13499,V777V,31.5
m14.json,10,0,13550,V777V,33.0
m14.json,6,0,13560,SDU,34.0
m14.json,9,0,13593,SDU,35.0
m14.json,7,0,13605,SDU,36.0
m14.json,1,0,13626,SDU,37.0
m14.json,20,0,13642,UGent,38.0
m14.json,8,0,13651,SDU,39.0
m14.json,21,0,13753,UGent,40.0
m14.json,24,0,13799,UGent,41.0
m14.json,5,0,13825,SDU,42.0
m14.json,18,0,13849,UGent,43.0
m14.json,10,0,13873,SDU,44.0
m14.json,17,0,13885,UGent,45.0
m14.json,25,0,13908,UGent,46.0
m14.json,22,0,14059,UGent,47.0
m14.json,16,0,14101,UGent,48.0
m14.json,23,0,14147,UGent,49.0
m14.json,19,0,14415,UGent,50.0
m15.json,1,0,28727,SDU,1.0
m15.json,8,0,28793,SDU,2.0
m15.json,9,0,28850,SDU,3.0
m15.json,4,0,28881,SDU,4.0
m15.json,3,0,28902,SDU,5.0
m15.json,7,0,28960,SDU,6.0
m15.json,2,0,28980,SDU,7.0
m15.json,5,0,28999,SDU,8.0
m15.json,6,0,29088,SDU,9.0
m15.json,10,0,29155,SDU,10.0
m15.json,7,0,29277,Twente,11.0
m15.json,5,0,29459,Twente,12.0
m15.json,9,0,30037,Twente,13.0
m15.json,3,0,30045,Twente,14.0
m15.json,6,0,30053,Twente,15.0
m15.json,1,0,30089,Ortec,19.5
m15.json,2,0,30089,Ortec,19.5
m15.json,3,0,30089,Ortec,19.5
m15.json,5,0,30089,Ortec,19.5
m15.json,6,0,30089,Ortec,19.5
m15.json,7,0,30089,Ortec,19.5
m15.json,8,0,30089,Ortec,19.5
m15.json,9,0,30089,Ortec,19.5
m15.json,6,0,30109,V777V,24.0
m15.json,10,0,30204,V777V,25.0
m15.json,5,0,30233,V777V,26.0
m15.json,7,0,30443,V777V,27.0
m15.json,8,0,30677,V777V,28.0
m15.json,1,0,30707,Twente,31.0
m15.json,2,0,30707,Twente,31.0
m15.json,4,0,30707,Twente,31.0
m15.json,8,0,30707,Twente,31.0
m15.json,10,0,30707,Twente,31.0
m15.json,1,0,30748,V777V,34.0
m15.json,9,0,30862,V777V,35.0
m15.json,3,0,30924,V777V,36.0
m15.json,17,0,30959,UGent,37.0
m15.json,24,0,31315,UGent,38.0
m15.json,4,0,31320,V777V,39.0
m15.json,16,0,31396,UGent,40.0
m15.json,21,0,31400,UGent,41.0
m15.json,20,0,31528,UGent,42.0
m15.json,22,0,31702,UGent,43.0
m15.json,23,0,31706,UGent,44.0
m15.json,19,0,31840,UGent,45.0
m15.json,2,0,31898,V777V,46.0
m15.json,18,0,31918,UGent,47.0
m15.json,25,0,32094,UGent,48.0
m15.json,4,0,34078,Ortec,49.5
m15.json,10,0,34078,Ortec,49.5
m16.json,7,0,17271,SDU,1.0
m16.json,1,0,17382,SDU,2.0
m16.json,5,0,17426,SDU,3.0
m16.json,2,0,17430,SDU,4.0
m16.json,6,0,17448,SDU,5.0
m16.json,9,0,17494,SDU,6.0
m16.json,4,0,17500,SDU,7.0
m16.json,10,0,17521,SDU,8.0
m16.json,8,0,17547,SDU,9.0
m16.json,3,0,17585,SDU,10.0
m16.json,22,0,18390,UGent,11.0
m16.json,23,0,18417,UGent,12.0
m16.json,1,0,18466,Twente,13.0
m16.json,3,0,18467,Twente,14.0
m16.json,2,0,18468,Twente,15.5
m16.json,6,0,18468,Twente,15.5
m16.json,5,0,18478,Twente,17.0
m16.json,10,0,18487,Twente,18.0
m16.json,4,0,18488,Twente,19.0
m16.json,7,0,18502,Twente,20.0
m16.json,9,0,18508,Twente,21.0
m16.json,19,0,18533,UGent,22.0
m16.json,18,0,18620,UGent,23.0
m16.json,8,0,18654,Twente,24.0
m16.json,5,0,18775,V777V,25.5
m16.json,17,0,18775,UGent,25.5
m16.json,24,0,18803,UGent,27.0
m16.json,9,0,18813,V777V,28.0
m16.json,20,0,18818,UGent,29.0
m16.json,16,0,18858,UGent,30.0
m16.json,21,0,18910,UGent,31.5
m16.json,25,0,18910,UGent,31.5
m16.json,1,0,18915,V777V,33.0
m16.json,4,0,18945,V777V,34.0
m16.json,2,0,18952,V777V,35.0
m16.json,10,0,18969,V777V,36.0
m16.json,3,0,18973,V777V,37.0
m16.json,8,0,18992,V777V,38.0
m16.json,7,0,19039,V777V,39.0
m16.json,1,0,19041,Ortec,44.5
m16.json,2,0,19041,Ortec,44.5
m16.json,3,0,19041,Ortec,44.5
m16.json,4,0,19041,Ortec,44.5
m16.json,5,0,19041,Ortec,44.5
m16.json,6,0,19041,Ortec,44.5
m16.json,7,0,19041,Ortec,44.5
m16.json,8,0,19041,Ortec,44.5
m16.json,9,0,19041,Ortec,44.5
m16.json,10,0,19041,Ortec,44.5
m16.json,6,0,19306,V777V,50.0
m17.json,8,0,22542,SDU,1.0
m17.json,2,0,22611,Twente,4.0
m17.json,3,0,22611,Twente,4.0
m17.json,5,0,22611,Twente,4.0
m17.json,6,0,22611,Twente,4.0
m17.json,10,0,22611,Twente,4.0
m17.json,4,0,22612,Twente,7.0
m17.json,1,0,22631,Twente,9.0
m17.json,8,0,22631,Twente,9.0
m17.json,9,0,22631,Twente,9.0
m17.json,7,0,22632,Twente,11.0
m17.json,1,0,22634,SDU,12.0
m17.json,7,0,22679,SDU,13.0
m17.json,10,0,22753,SDU,14.0
m17.json,3,0,22850,SDU,15.0
m17.json,9,0,22852,SDU,16.0
m17.json,25,0,22896,UGent,17.0
m17.json,21,0,22998,UGent,18.0
m17.json,22,0,23099,UGent,19.0
m17.json,23,0,23111,UGent,20.0
m17.json,18,0,23115,UGent,21.0
m17.json,5,0,23143,SDU,22.0
m17.json,17,0,23154,UGent,23.0
m17.json,6,0,23216,SDU,24.0
m17.json,2,0,23221,SDU,25.5
m17.json,10,0,23221,V777V,25.5
m17.json,24,0,23223,UGent,27.0
m17.json,1,0,23227,Ortec,32.5
m17.json,2,0,23227,Ortec,32.5
m17.json,3,0,23227,Ortec,32.5
m17.json,4,0,23227,Ortec,32.5
m17.json,5,0,23227,Ortec,32.5
m17.json,6,0,23227,Ortec,32.5
m17.json,7,0,23227,Ortec,32.5
m17.json,8,0,23227,Ortec,32.5
m17.json,9,0,23227,Ortec,32.5
m17.json,10,0,23227,Ortec,32.5
m17.json,4,0,23240,SDU,38.0
m17.json,1,0,23259,V777V,39.0
m17.json,6,0,23274,V777V,40.0
m17.json,9,0,23294,V777V,41.0
m17.json,2,0,23306,V777V,42.0
m17.json,4,0,23354,V777V,43.0
m17.json,8,0,23362,V777V,44.0
m17.json,3,0,23380,V777V,45.0
m17.json,7,0,23381,V777V,46.0
m17.json,5,0,23408,V777V,47.0
m17.json,16,0,23453,UGent,48.0
m17.json,20,0,23482,UGent,49.0
m17.json,19,0,23556,UGent,50.0
m18.json,9,0,7817,SDU,1.0
m18.json,10,0,7834,SDU,2.0
m18.json,3,0,7935,SDU,3.0
m18.json,8,0,7948,SDU,4.0
m18.json,1,0,7984,SDU,5.0
m18.json,4,0,7996,SDU,6.0
m18.json,2,0,8292,SDU,7.0
m18.json,6,0,8312,SDU,8.0
m18.json,7,0,8315,SDU,9.0
m18.json,10,0,8370,V777V,10.0
m18.json,5,0,8381,SDU,11.0
m18.json,9,0,8386,V777V,12.0
m18.json,8,0,8401,Twente,13.0
m18.json,7,0,8404,Twente,14.0
m18.json,4,0,8419,V777V,15.0
m18.json,8,0,8439,V777V,16.0
m18.json,7,0,8452,V777V,17.0
m18.json,2,0,8453,V777V,18.0
m18.json,1,0,8456,V777V,19.0
m18.json,3,0,8460,V777V,20.0
m18.json,4,0,8476,Twente,21.0
m18.json,2,0,8477,Twente,22.0
m18.json,1,0,8485,Ortec,28.0
m18.json,2,0,8485,Ortec,28.0
m18.json,3,0,8485,Ortec,28.0
m18.json,4,0,8485,Ortec,28.0
m18.json,5,0,8485,Ortec,28.0
m18.json,6,0,8485,Ortec,28.0
m18.json,7,0,8485,Ortec,28.0
m18.json,8,0,8485,Ortec,28.0
m18.json,9,0,8485,Ortec,28.0
m18.json,10,0,8485,Ortec,28.0
m18.json,5,0,8485,V777V,28.0
m18.json,9,0,8506,Twente,34.0
m18.json,3,0,8508,Twente,35.0
m18.json,6,0,8511,V777V,36.0
m18.json,1,0,8513,Twente,37.0
m18.json,10,0,8514,Twente,38.0
m18.json,5,0,8518,Twente,39.0
m18.json,6,0,8535,Twente,40.0
m18.json,23,0,8611,UGent,41.0
m18.json,19,0,8901,UGent,42.0
m18.json,24,0,8941,UGent,43.0
m18.json,22,0,8943,UGent,44.0
m18.json,25,0,8953,UGent,45.0
m18.json,20,0,8986,UGent,46.0
m18.json,16,0,9001,UGent,47.0
m18.json,18,0,9005,UGent,48.0
m18.json,21,0,9042,UGent,49.0
m18.json,17,0,9136,UGent,50.0
m19.json,10,0,21790,V777V,1.0
m19.json,3,0,21840,V777V,2.0
m19.json,5,0,21959,V777V,3.0
m19.json,2,0,21975,V777V,4.0
m19.json,6,0,22014,V777V,5.0
m19.json,7,0,22028,V777V,6.0
m19.json,1,0,22126,V777V,7.0
m19.json,8,0,22144,V777V,8.0
m19.json,4,0,22148,V777V,9.0
m19.json,9,0,22187,V777V,10.0
m19.json,10,0,22585,SDU,11.0
m19.json,8,0,22622,SDU,12.0
m19.json,9,0,22650,SDU,13.0
m19.json,1,0,22708,SDU,14.0
m19.json,5,0,22770,SDU,15.0
m19.json,2,0,22811,SDU,16.0
m19.json,4,0,22830,SDU,17.0
m19.json,7,0,22841,SDU,18.0
m19.json,6,0,22848,SDU,19.0
m19.json,19,0,22882,UGent,20.0
m19.json,17,0,22961,UGent,21.0
m19.json,3,0,23080,SDU,22.0
m19.json,21,0,23148,UGent,23.0
m19.json,5,0,23244,Twente,28.5
m19.json,9,0,23244,Twente,28.5
m19.json,2,0,23244,Ortec,28.5
m19.json,3,0,23244,Ortec,28.5
m19.json,4,0,23244,Ortec,28.5
m19.json,5,0,23244,Ortec,28.5
m19.json,6,0,23244,Ortec,28.5
m19.json,7,0,23244,Ortec,28.5
m19.json,9,0,23244,Ortec,28.5
m19.json,10,0,23244,Ortec,28.5
m19.json,1,0,23252,Twente,34.0
m19.json,8,0,23261,Ortec,35.0
m19.json,1,0,23262,Ortec,36.0
m19.json,6,0,23264,Twente,37.5
m19.json,20,0,23264,UGent,37.5
m19.json,8,0,23271,Twente,39.0
m19.json,3,0,23279,Twente,40.0
m19.json,2,0,23289,Twente,41.0
m19.json,7,0,23292,Twente,42.0
m19.json,4,0,23302,Twente,43.0
m19.json,10,0,23305,Twente,44.0
m19.json,24,0,23441,UGent,45.0
m19.json,18,0,23503,UGent,46.0
m19.json,16,0,23552,UGent,47.0
m19.json,22,0,23664,UGent,48.0
m19.json,23,0,23947,UGent,49.0
m19.json,25,0,24014,UGent,50.0
m20.json,2,0,5335,SDU,1.5
m20.json,3,0,5335,SDU,1.5
m20.json,8,0,5370,SDU,3.0
m20.json,7,0,5375,SDU,4.0
m20.json,7,0,5415,V777V,5.0
m20.json,6,0,5429,SDU,6.0
m20.json,5,0,5430,SDU,7.5
m20.json,9,0,5430,SDU,7.5
m20.json,10,0,5432,SDU,9.0
m20.json,2,0,5433,V777V,10.0
m20.json,3,0,5472,V777V,11.0
m20.json,1,0,5476,V777V,12.0
m20.json,4,0,5486,V777V,13.0
m20.json,9,0,5490,V777V,14.0
m20.json,6,0,5497,V777V,15.0
m20.json,8,0,5506,V777V,16.0
m20.json,4,0,5508,SDU,17.0
m20.json,10,0,5520,V777V,18.0
m20.json,5,0,5575,V777V,19.0
m20.json,5,0,5609,Twente,20.0
m20.json,4,0,5611,Ortec,21.0
m20.json,1,0,5638,SDU,22.0
m20.json,3,0,5645,Twente,23.0
m20.json,1,0,5676,Ortec,27.0
m20.json,5,0,5676,Ortec,27.0
m20.json,6,0,5676,Ortec,27.0
m20.json,7,0,5676,Ortec,27.0
m20.json,8,0,5676,Ortec,27.0
m20.json,9,0,5676,Ortec,27.0
m20.json,10,0,5676,Ortec,27.0
m20.json,2,0,5677,Ortec,31.5
m20.json,3,0,5677,Ortec,31.5
m20.json,10,0,5681,Twente,33.0
m20.json,4,0,5682,Twente,34.0
m20.json,8,0,5705,Twente,35.0
m20.json,6,0,5726,Twente,36.0
m20.json,9,0,5728,Twente,37.0
m20.json,1,0,5744,Twente,38.0
m20.json,7,0,5750,Twente,39.0
m20.json,2,0,5779,Twente,40.0
m20.json,19,0,6023,UGent,41.0
m20.json,16,0,6052,UGent,42.0
m20.json,20,0,6136,UGent,43.0
m20.json,18,0,6156,UGent,44.0
m20.json,25,0,6211,UGent,45.0
m20.json,23,0,6328,UGent,46.0
m20.json,24,0,6336,UGent,47.0
m20.json,22,0,6347,UGent,48.0
m20.json,17,0,6353,UGent,49.0
m20.json,21,0,6434,UGent,50.0
m21.json,5,0,25170,V777V,1.0
m21.json,6,0,25179,V777V,2.0
m21.json,9,0,25195,SDU,3.0
m21.json,9,0,25230,Twente,4.0
m21.json,8,0,25236,SDU,5.0
m21.json,4,0,25239,Twente,6.0
m21.json,6,0,25246,SDU,7.0
m21.json,1,0,25252,SDU,8.0
m21.json,7,0,25283,Twente,9.0
m21.json,6,0,25292,Twente,10.0
m21.json,3,0,25315,Twente,11.0
m21.json,8,0,25337,Twente,12.0
m21.json,5,0,25350,Twente,13.0
m21.json,2,0,25355,V777V,14.0
m21.json,4,0,25357,SDU,15.0
m21.json,10,0,25370,SDU,16.0
m21.json,10,0,25381,Twente,17.0
m21.json,4,0,25382,V777V,18.0
m21.json,1,0,25392,V777V,19.0
m21.json,2,0,25396,Twente,20.0
m21.json,7,0,25431,V777V,21.0
m21.json,1,0,25436,Twente,22.0
m21.json,7,0,25466,SDU,23.0
m21.json,3,0,25467,SDU,24.0
m21.json,2,0,25473,SDU,25.0
m21.json,10,0,25497,V777V,26.0
m21.json,9,0,25559,V777V,27.0
m21.json,5,0,25574,SDU,28.0
m21.json,3,0,25716,V777V,29.0
m21.json,8,0,25726,V777V,30.0
m21.json,8,0,25758,Ortec,31.0
m21.json,2,0,25995,Ortec,32.0
m21.json,1,0,26264,Ortec,36.5
m21.json,3,0,26264,Ortec,36.5
m21.json,4,0,26264,Ortec,36.5
m21.json,5,0,26264,Ortec,36.5
m21.json,6,0,26264,Ortec,36.5
m21.json,7,0,26264,Ortec,36.5
m21.json,9,0,26264,Ortec,36.5
m21.json,10,0,26264,Ortec,36.5
m21.json,25,0,27046,UGent,41.0
m21.json,20,0,27320,UGent,42.0
m21.json,17,0,27470,UGent,43.0
m21.json,18,0,27506,UGent,44.0
m21.json,23,0,27520,UGent,45.0
m21.json,16,0,27549,UGent,46.0
m21.json,19,0,27945,UGent,47.0
m21.json,21,0,28087,UGent,48.0
m21.json,24,0,28123,UGent,49.0
m21.json,22,0,28282,UGent,50.0
m22.json,8,0,21330,SDU,1.0
m22.json,5,0,21338,SDU,2.0
m22.json,2,0,21341,SDU,3.0
m22.json,9,0,21351,SDU,4.0
m22.json,6,0,21416,SDU,5.0
m22.json,4,0,21426,SDU,6.0
m22.json,3,0,21502,SDU,7.0
m22.json,10,0,21597,SDU,8.0
m22.json,7,0,21663,SDU,9.0
m22.json,1,0,21683,SDU,10.0
m22.json,6,0,22332,V777V,11.0
m22.json,3,0,22412,V777V,12.0
m22.json,1,0,22473,V777V,13.0
m22.json,4,0,22541,V777V,14.0
m22.json,5,0,22613,V777V,15.0
m22.json,9,0,22647,V777V,16.0
m22.json,2,0,22668,V777V,17.0
m22.json,10,0,22696,V777V,18.0
m22.json,8,0,22708,V777V,19.0
m22.json,7,0,22716,V777V,20.0
m22.json,1,0,22817,Ortec,21.0
m22.json,2,0,22836,Ortec,26.0
m22.json,3,0,22836,Ortec,26.0
m22.json,4,0,22836,Ortec,26.0
m22.json,5,0,22836,Ortec,26.0
m22.json,6,0,22836,Ortec,26.0
m22.json,7,0,22836,Ortec,26.0
m22.json,8,0,22836,Ortec,26.0
m22.json,9,0,22836,Ortec,26.0
m22.json,10,0,22836,Ortec,26.0
m22.json,21,0,22911,UGent,31.0
m22.json,18,0,22984,UGent,32.0
m22.json,23,0,23006,UGent,33.0
m22.json,17,0,23017,UGent,34.0
m22.json,19,0,23037,UGent,35.0
m22.json,24,0,23132,UGent,36.0
m22.json,25,0,23173,UGent,37.0
m22.json,16,0,23338,UGent,38.0
m22.json,20,0,23455,UGent,39.0
m22.json,22,0,23558,UGent,40.0
m22.json,6,0,23626,Twente,41.0
m22.json,5,0,23744,Twente,42.0
m22.json,9,0,23755,Twente,43.0
m22.json,1,0,23822,Twente,44.0
m22.json,8,0,23837,Twente,45.0
m22.json,2,0,23853,Twente,46.0
m22.json,4,0,23874,Twente,47.0
m22.json,3,0,23901,Twente,48.5
m22.json,10,0,23901,Twente,48.5
m22.json,7,0,23906,Twente,50.0
m23.json,8,0,18301,V777V,1.0
m23.json,2,0,18346,V777V,2.0
m23.json,21,0,18351,UGent,3.0
m23.json,3,0,18356,V777V,4.0
m23.json,4,0,18372,V777V,5.0
m23.json,10,0,18379,V777V,6.0
m23.json,1,0,18394,V777V,7.0
m23.json,9,0,18405,V777V,8.0
m23.json,7,0,18416,V777V,9.0
m23.json,22,0,18445,UGent,10.0
m23.json,6,0,18456,V777V,11.0
m23.json,5,0,18470,V777V,12.0
m23.json,25,0,18475,UGent,13.0
m23.json,24,0,18554,UGent,14.0
m23.json,16,0,18597,UGent,15.0
m23.json,23,0,18601,UGent,16.0
m23.json,17,0,18621,UGent,17.0
m23.json,18,0,18623,UGent,18.0
m23.json,19,0,18661,UGent,19.0
m23.json,20,0,18738,UGent,20.0
m23.json,6,0,18909,SDU,21.0
m23.json,7,0,18916,SDU,22.0
m23.json,5,0,18937,SDU,23.0
m23.json,1,0,18987,SDU,24.0
m23.json,10,0,19003,SDU,25.0
m23.json,8,0,19009,SDU,26.0
m23.json,9,0,19030,SDU,27.0
m23.json,4,0,19089,SDU,28.0
m23.json,3,0,19109,SDU,29.0
m23.json,2,0,19139,SDU,30.0
m23.json,10,0,19165,Twente,31.0
m23.json,8,0,19168,Twente,32.0
m23.json,1,0,19169,Ortec,34.0
m23.json,2,0,19169,Ortec,34.0
m23.json,3,0,19169,Ortec,34.0
m23.json,7,0,19171,Ortec,37.0
m23.json,8,0,19171,Ortec,37.0
m23.json,10,0,19171,Ortec,37.0
m23.json,6,0,19177,Twente,39.0
m23.json,5,0,19180,Twente,42.0
m23.json,4,0,19180,Ortec,42.0
m23.json,5,0,19180,Ortec,42.0
m23.json,6,0,19180,Ortec,42.0
m23.json,9,0,19180,Ortec,42.0
m23.json,1,0,19186,Twente,45.5
m23.json,7,0,19186,Twente,45.5
m23.json,4,0,19206,Twente,47.0
m23.json,2,0,19290,Twente,48.5
m23.json,9,0,19290,Twente,48.5
m23.json,3,0,19297,Twente,50.0
m24.json,10,0,30873,V777V,1.0
m24.json,1,0,30899,V777V,2.0
m24.json,3,0,30902,V777V,3.0
m24.json,3,0,30940,Ortec,4.5
m24.json,9,0,30940,Ortec,4.5
m24.json,10,0,30941,Ortec,6.0
m24.json,2,0,30943,Ortec,7.0
m24.json,9,0,30980,V777V,8.0
m24.json,7,0,30984,V777V,9.0
m24.json,1,0,30987,Ortec,12.0
m24.json,4,0,30987,Ortec,12.0
m24.json,5,0,30987,Ortec,12.0
m24.json,6,0,30987,Ortec,12.0
m24.json,7,0,30987,Ortec,12.0
m24.json,8,0,30992,Ortec,15.0
m24.json,4,0,30995,V777V,16.0
m24.json,8,0,31002,V777V,17.0
m24.json,5,0,31018,V777V,18.0
m24.json,6,0,31036,V777V,19.0
m24.json,2,0,31061,V777V,20.0
m24.json,7,0,31448,Twente,21.0
m24.json,8,0,31682,Twente,22.0
m24.json,10,0,31695,Twente,23.0
m24.json,4,0,31705,Twente,24.0
m24.json,5,0,31722,Twente,25.0
m24.json,2,0,31750,Twente,26.0
m24.json,1,0,31761,Twente,27.0
m24.json,3,0,31762,Twente,28.0
m24.json,6,0,31765,Twente,29.0
m24.json,9,0,31799,Twente,30.0
m24.json,16,0,31968,UGent,31.0
m24.json,17,0,32088,UGent,32.0
m24.json,7,0,32244,SDU,33.0
m24.json,24,0,32273,UGent,34.0
m24.json,9,0,32337,SDU,35.0
m24.json,20,0,32422,UGent,36.0
m24.json,6,0,32440,SDU,37.0
m24.json,4,0,32459,SDU,38.0
m24.json,8,0,32591,SDU,39.0
m24.json,5,0,32650,SDU,40.0
m24.json,2,0,32739,SDU,41.0
m24.json,10,0,32821,SDU,42.0
m24.json,1,0,32848,SDU,43.0
m24.json,21,0,32871,UGent,44.0
m24.json,3,0,32984,SDU,45.0
m24.json,19,0,33004,UGent,46.0
m24.json,18,0,33136,UGent,47.0
m24.json,22,0,33225,UGent,48.0
m24.json,25,0,33695,UGent,49.0
m24.json,23,0,34076,UGent,50.0
m25.json,25,0,33985,UGent,1.0
m25.json,17,0,34022,UGent,2.0
m25.json,8,0,34077,SDU,3.0
m25.json,5,0,34086,Twente,4.0
m25.json,2,0,34089,Twente,5.0
m25.json,3,0,34100,Twente,6.0
m25.json,9,0,34113,Twente,7.0
m25.json,20,0,34121,UGent,8.0
m25.json,4,0,34141,Twente,9.0
m25.json,1,0,34158,Twente,10.0
m25.json,7,0,34163,Twente,11.0
m25.json,9,0,34173,SDU,12.0
m25.json,22,0,34178,UGent,13.0
m25.json,8,0,34184,Twente,14.0
m25.json,18,0,34191,UGent,15.0
m25.json,6,0,34193,Twente,16.5
m25.json,10,0,34193,Twente,16.5
m25.json,4,0,34203,V777V,18.0
m25.json,3,0,34216,SDU,19.5
m25.json,24,0,34216,UGent,19.5
m25.json,7,0,34218,SDU,21.0
m25.json,10,0,34252,SDU,22.0
m25.json,1,0,34257,SDU,23.0
m25.json,4,0,34292,SDU,24.0
m25.json,7,0,34298,Ortec,25.5
m25.json,10,0,34298,Ortec,25.5
m25.json,8,0,34300,Ortec,27.0
m25.json,6,0,34313,SDU,28.0
m25.json,1,0,34320,Ortec,31.5
m25.json,2,0,34320,Ortec,31.5
m25.json,3,0,34320,Ortec,31.5
m25.json,4,0,34320,Ortec,31.5
m25.json,5,0,34320,Ortec,31.5
m25.json,6,0,34320,Ortec,31.5
m25.json,5,0,34321,V777V,35.5
m25.json,8,0,34321,V777V,35.5
m25.json,21,0,34329,UGent,37.0
m25.json,9,0,34330,Ortec,38.0
m25.json,5,0,34341,SDU,39.0
m25.json,2,0,34360,SDU,40.5
m25.json,16,0,34360,UGent,40.5
m25.json,7,0,34380,V777V,42.0
m25.json,19,0,34396,UGent,43.0
m25.json,1,0,34408,V777V,44.0
m25.json,2,0,34474,V777V,45.0
m25.json,3,0,34480,V777V,46.0
m25.json,6,0,34482,V777V,47.0
m25.json,9,0,34542,V777V,48.0
m25.json,10,0,34565,V777V,49.0
m25.json,23,0,34602,UGent,50.0
m26.json,4,0,69730,V777V,1.0
m26.json,10,0,69770,V777V,2.0
m26.json,5,0,69888,V777V,3.0
m26.json,2,0,69889,V777V,4.0
m26.json,1,0,69921,V777V,5.0
m26.json,9,0,70023,V777V,6.0
m26.json,6,0,70045,V777V,7.0
m26.json,3,0,70095,V777V,8.0
m26.json,8,0,70200,V777V,9.0
m26.json,7,0,70690,V777V,10.0
m26.json,3,0,72402,Twente,11.0
m26.json,6,0,72460,SDU,12.0
m26.json,9,0,72496,Twente,13.0
m26.json,5,0,72562,Twente,14.0
m26.json,8,0,72618,Twente,15.0
m26.json,1,0,72678,Twente,17.0
m26.json,2,0,72678,Twente,17.0
m26.json,10,0,72678,Twente,17.0
m26.json,4,0,72739,Twente,19.0
m26.json,6,0,72783,Twente,20.0
m26.json,7,0,73365,SDU,21.0
m26.json,5,0,73381,SDU,22.0
m26.json,9,0,73422,SDU,23.0
m26.json,8,0,73451,SDU,24.0
m26.json,7,0,73588,Twente,25.0
m26.json,1,0,73655,SDU,26.0
m26.json,4,0,73711,SDU,27.0
m26.json,2,0,73849,SDU,28.0
m26.json,10,0,74009,SDU,29.0
m26.json,3,0,74496,SDU,30.0
m26.json,1,0,74701,Ortec,35.5
m26.json,2,0,74701,Ortec,35.5
m26.json,3,0,74701,Ortec,35.5
m26.json,4,0,74701,Ortec,35.5
m26.json,5,0,74701,Ortec,35.5
m26.json,6,0,74701,Ortec,35.5
m26.json,7,0,74701,Ortec,35.5
m26.json,8,0,74701,Ortec,35.5
m26.json,9,0,74701,Ortec,35.5
m26.json,10,0,74701,Ortec,35.5
m26.json,25,0,75392,UGent,41.0
m26.json,24,0,75497,UGent,42.0
m26.json,19,0,75833,UGent,43.0
m26.json,22,0,76072,UGent,44.0
m26.json,23,0,76087,UGent,45.0
m26.json,17,0,76246,UGent,46.0
m26.json,21,0,76247,UGent,47.0
m26.json,20,0,76591,UGent,48.0
m26.json,18,0,76620,UGent,49.0
m26.json,16,0,76739,UGent,50.0
m27.json,3,0,28028,SDU,1.0
m27.json,1,0,28050,SDU,2.0
m27.json,2,0,28057,SDU,3.0
m27.json,9,0,28077,SDU,4.0
m27.json,4,0,28087,SDU,5.0
m27.json,6,0,28110,SDU,6.0
m27.json,5,0,28113,SDU,7.0
m27.json,8,0,28208,SDU,8.0
m27.json,7,0,28239,SDU,9.0
m27.json,10,0,28276,SDU,10.0
m27.json,16,0,29098,UGent,11.0
m27.json,22,0,29162,UGent,12.0
m27.json,19,0,29238,UGent,13.0
m27.json,23,0,29240,UGent,14.0
m27.json,17,0,29243,UGent,15.0
m27.json,25,0,29307,UGent,16.0
m27.json,24,0,29361,UGent,17.0
m27.json,21,0,29437,UGent,18.0
m27.json,18,0,29488,UGent,19.0
m27.json,20,0,29513,UGent,20.0
m27.json,4,0,29912,Ortec,21.5
m27.json,6,0,29912,Ortec,21.5
m27.json,8,0,30092,Ortec,23.0
m27.json,1,0,30254,Ortec,27.0
m27.json,2,0,30254,Ortec,27.0
m27.json,3,0,30254,Ortec,27.0
m27.json,5,0,30254,Ortec,27.0
m27.json,7,0,30254,Ortec,27.0
m27.json,9,0,30254,Ortec,27.0
m27.json,10,0,30254,Ortec,27.0
m27.json,2,0,34862,V777V,31.0
m27.json,3,0,35070,V777V,32.0
m27.json,10,0,35092,V777V,33.0
m27.json,5,0,35230,V777V,34.0
m27.json,4,0,35250,V777V,35.0
m27.json,9,0,35530,V777V,36.0
m27.json,1,0,35594,V777V,37.0
m27.json,5,0,35630,Twente,38.0
m27.json,9,0,35641,Twente,39.0
m27.json,8,0,35653,V777V,40.0
m27.json,7,0,35719,V777V,41.0
m27.json,1,0,35766,Twente,42.0
m27.json,4,0,35837,Twente,43.0
m27.json,10,0,35860,Twente,44.0
m27.json,6,0,35905,V777V,45.0
m27.json,6,0,35991,Twente,46.0
m27.json,3,0,36014,Twente,47.0
m27.json,2,0,36030,Twente,48.0
m27.json,7,0,36098,Twente,49.0
m27.json,8,0,36181,Twente,50.0
m28.json,6,0,45913,SDU,1.0
m28.json,3,0,45949,SDU,2.0
m28.json,7,0,46012,SDU,3.0
m28.json,8,0,46168,SDU,4.0
m28.json,2,0,46234,SDU,5.0
m28.json,4,0,46237,SDU,6.0
m28.json,1,0,46245,SDU,7.0
m28.json,10,0,46422,SDU,8.0
m28.json,5,0,46432,SDU,9.0
m28.json,9,0,46706,SDU,10.0
m28.json,4,0,48008,V777V,11.0
m28.json,8,0,48131,V777V,12.0
m28.json,9,0,48147,V777V,13.0
m28.json,25,0,48478,UGent,14.0
m28.json,5,0,48621,V777V,15.0
m28.json,24,0,48633,UGent,16.0
m28.json,1,0,48753,V777V,17.0
m28.json,17,0,48847,UGent,18.0
m28.json,10,0,48909,V777V,19.0
m28.json,3,0,48926,V777V,20.0
m28.json,7,0,48933,V777V,21.0
m28.json,18,0,48939,UGent,22.0
m28.json,16,0,48961,UGent,23.0
m28.json,2,0,49002,V777V,24.0
m28.json,23,0,49207,UGent,25.0
m28.json,6,0,49246,V777V,26.0
m28.json,22,0,49362,UGent,27.0
m28.json,21,0,49550,UGent,28.0
m28.json,19,0,49640,UGent,29.0
m28.json,20,0,50024,UGent,30.0
m28.json,2,0,53110,Twente,31.0
m28.json,3,0,53333,Twente,32.0
m28.json,8,0,53456,Twente,33.0
m28.json,1,0,53517,Twente,34.0
m28.json,10,0,53559,Twente,35.0
m28.json,9,0,53763,Twente,36.0
m28.json,4,0,53786,Twente,37.0
m28.json,1,0,54296,Ortec,38.0
m28.json,6,0,54464,Twente,39.0
m28.json,9,0,54497,Ortec,40.0
m28.json,2,0,54601,Ortec,41.5
m28.json,4,0,54601,Ortec,41.5
m28.json,3,0,54681,Ortec,43.5
m28.json,5,0,54681,Ortec,43.5
m28.json,6,0,54712,Ortec,45.0
m28.json,7,0,54995,Twente,46.0
m28.json,8,0,55039,Ortec,47.0
m28.json,5,0,55259,Twente,48.0
m28.json,7,0,55300,Ortec,49.0
m28.json,10,0,55378,Ortec,50.0
m29.json,9,0,48082,V777V,1.0
m29.json,5,0,48097,V777V,2.0
m29.json,3,0,48127,V777V,3.0
m29.json,7,0,48152,V777V,4.0
m29.json,1,0,48187,V777V,5.0
m29.json,4,0,48219,V777V,6.0
m29.json,8,0,48228,V777V,7.0
m29.json,2,0,48368,V777V,8.0
m29.json,10,0,48391,V777V,9.0
m29.json,6,0,48420,V777V,10.0
m29.json,6,0,48463,Twente,11.0
m29.json,10,0,48632,Twente,12.0
m29.json,5,0,48679,Twente,13.0
m29.json,9,0,48712,Twente,14.0
m29.json,1,0,48717,Twente,15.5
m29.json,2,0,48717,Twente,15.5
m29.json,3,0,48727,Twente,17.0
m29.json,8,0,48737,Twente,18.0
m29.json,4,0,48747,Twente,19.0
m29.json,7,0,48844,Twente,20.0
m29.json,10,0,49437,SDU,21.0
m29.json,4,0,49453,SDU,22.0
m29.json,1,0,49467,SDU,23.0
m29.json,9,0,49470,SDU,24.0
m29.json,5,0,49480,SDU,25.0
m29.json,6,0,49553,SDU,26.0
m29.json,7,0,49609,SDU,27.0
m29.json,2,0,49632,SDU,28.0
m29.json,3,0,49671,SDU,29.0
m29.json,8,0,49738,SDU,30.0
m29.json,21,0,49835,UGent,31.0
m29.json,23,0,49955,UGent,32.0
m29.json,24,0,50188,UGent,33.0
m29.json,16,0,50305,UGent,34.0
m29.json,17,0,50330,UGent,35.0
m29.json,19,0,50366,UGent,36.0
m29.json,20,0,50399,UGent,37.0
m29.json,18,0,50492,UGent,38.0
m29.json,22,0,50780,UGent,39.0
m29.json,25,0,50958,UGent,40.0
m29.json,1,0,51222,Ortec,42.0
m29.json,4,0,51222,Ortec,42.0
m29.json,8,0,51222,Ortec,42.0
m29.json,2,0,51533,Ortec,47.0
m29.json,3,0,51533,Ortec,47.0
m29.json,5,0,51533,Ortec,47.0
m29.json,6,0,51533,Ortec,47.0
m29.json,7,0,51533,Ortec,47.0
m29.json,9,0,51533,Ortec,47.0
m29.json,10,0,51533,Ortec,47.0
m30.json,3,0,31649,V777V,1.0
m30.json,10,0,31736,V777V,2.0
m30.json,6,0,31817,V777V,3.0
m30.json,8,0,31872,V777V,4.0
m30.json,7,0,32130,V777V,5.0
m30.json,9,0,32185,V777V,6.0
m30.json,5,0,32216,SDU,7.0
m30.json,4,0,32267,V777V,8.0
m30.json,3,0,32298,SDU,9.0
m30.json,1,0,32333,V777V,10.0
m30.json,1,0,32426,SDU,11.0
m30.json,2,0,32437,SDU,12.0
m30.json,7,0,32438,SDU,13.0
m30.json,9,0,32447,SDU,14.0
m30.json,2,0,32586,V777V,15.0
m30.json,5,0,32622,V777V,16.0
m30.json,10,0,32641,SDU,17.0
m30.json,4,0,32668,SDU,18.0
m30.json,6,0,32669,SDU,19.0
m30.json,3,0,32767,Twente,20.0
m30.json,10,0,32826,Twente,21.0
m30.json,8,0,32853,SDU,22.0
m30.json,4,0,32871,Twente,23.0
m30.json,8,0,33086,Twente,24.0
m30.json,2,0,33106,Twente,25.0
m30.json,7,0,33118,Twente,26.0
m30.json,6,0,33158,Twente,27.0
m30.json,5,0,33318,Twente,28.0
m30.json,9,0,33401,Twente,29.0
m30.json,1,0,33445,Twente,30.0
m30.json,16,0,33446,UGent,31.0
m30.json,19,0,33568,UGent,32.0
m30.json,23,0,33699,UGent,33.0
m30.json,21,0,33726,UGent,34.0
m30.json,25,0,33833,UGent,35.0
m30.json,17,0,34162,UGent,36.0
m30.json,22,0,34390,UGent,37.0
m30.json,24,0,34898,UGent,38.0
m30.json,20,0,35391,UGent,39.0
m30.json,18,0,35481,UGent,40.0
m30.json,4,0,41298,Ortec,41.5
m30.json,6,0,41298,Ortec,41.5
m30.json,5,0,41616,Ortec,43.0
m30.json,8,0,44113,Ortec,44.0
m30.json,9,0,44159,Ortec,45.0
m30.json,1,0,44447,Ortec,46.0
m30.json,7,0,44515,Ortec,47.0
m30.json,2,0,44554,Ortec,48.0
m30.json,3,0,44579,Ortec,49.5
m30.json,10,0,44579,Ortec,49.5
